{"calinski_harabasz_score": 935.2240313113429, "davies_bouldin_score": 2.6142502038303226}